Datum,Klaerwerk,Durchfluss,Temperatur,pH,Monat,Kalenderwoche,Viruslast_Influenza_A,Viruslast_Influenza_B,Viruslast_RSV
2024-07-21,Ruhleben,217860.0000,24.99,7.359,7,29,0.00000000000,0.00000000000,
2024-07-28,Ruhleben,488100.0000,22.97,6.984,7,30,0.00000000000,0.00000000000,
2024-08-04,Ruhleben,403750.0000,23.51,7.242,8,31,0.00000000000,0.00000000000,
2024-08-11,Ruhleben,209510.0000,24.87,7.458,8,32,0.00000000000,0.00000000000,
2024-08-18,Ruhleben,242080.0000,25.31,7.514,8,33,0.00000000000,0.00000000000,
2024-08-25,Ruhleben,214460.0000,25.21,7.549,8,34,0.00000000000,0.00000000000,
2024-09-01,Ruhleben,224390.0000,25.19,7.530,9,35,0.00000000000,0.00000000000,
2024-09-11,Ruhleben,219310.0000,22.94,7.453,9,37,0.00000000000,0.00000000000,
2024-09-15,Ruhleben,234500.0000,23.46,7.495,9,37,0.00000000000,0.00000000000,
2024-09-22,Ruhleben,222110.0000,23.90,7.585,9,38,0.00000000000,5166.66666666667,
2024-09-29,Ruhleben,235900.0000,22.61,7.508,9,39,0.00000000000,0.00000000000,
2024-10-06,Ruhleben,229660.0000,21.11,7.879,10,40,0.00000000000,0.00000000000,
2024-10-13,Ruhleben,281700.0000,20.39,7.933,10,41,0.00000000000,0.00000000000,
2024-10-20,Ruhleben,223450.0000,20.82,7.047,10,42,3500.00000000000,0.00000000000,
2024-10-27,Ruhleben,234570.0000,20.79,7.103,10,43,0.00000000000,0.00000000000,
2024-11-03,Ruhleben,244910.0000,20.21,7.079,11,44,3433.33333333333,0.00000000000,
2024-11-06,Ruhleben,232140.0000,19.93,7.059,11,45,,,5233.33333333333
2024-11-10,Ruhleben,232690.0000,19.20,7.057,11,45,3533.33333333333,0.00000000000,
2024-11-13,Ruhleben,235330.0000,18.88,7.055,11,46,,,0.00000000000
2024-11-17,Ruhleben,275230.0000,18.26,7.056,11,46,3500.00000000000,0.00000000000,
2024-11-19,Ruhleben,370790.0000,17.49,7.027,11,47,,,5266.66666666667
2024-11-24,Ruhleben,429350.0000,15.42,6.964,11,47,8800.00000000000,0.00000000000,
2024-11-27,Ruhleben,277670.0000,17.34,7.020,11,48,,,0.00000000000
2024-12-01,Ruhleben,240920.0000,16.84,7.042,12,48,19266.66666666667,0.00000000000,
2024-12-01,Schönerlinde,99390.1000,14.80,7.230,12,48,28900.00000000000,0.00000000000,
2024-12-04,Ruhleben,253990.0000,16.83,7.070,12,49,,,7000.00000000000
2024-12-08,Ruhleben,287890.0000,15.29,6.982,12,49,14100.00000000000,7033.33333333333,
2024-12-08,Schönerlinde,111912.5000,14.80,7.290,12,49,40666.66666666666,0.00000000000,
2024-12-08,Waßmannsdorf,246389.7375,15.87,6.874,12,49,3633.33333333333,0.00000000000,
2024-12-11,Ruhleben,247120.0000,15.22,7.064,12,50,,,11233.33333333333
2024-12-15,Ruhleben,271450.0000,16.73,7.113,12,50,54500.00000000000,65033.33333333334,
2024-12-15,Schönerlinde,120368.2000,15.20,7.420,12,50,39866.66666666666,0.00000000000,
2024-12-15,Waßmannsdorf,246605.2375,16.05,7.074,12,50,11033.33333333333,0.00000000000,
2024-12-18,Ruhleben,235000.0000,17.07,7.053,12,51,,,8800.00000000000
2024-12-22,Ruhleben,281480.0000,16.91,7.133,12,51,22900.00000000000,3533.33333333333,
2024-12-22,Schönerlinde,130601.2000,15.70,7.500,12,51,41700.00000000000,10933.33333333333,
2024-12-22,Waßmannsdorf,242420.6750,16.20,7.371,12,51,13000.00000000000,7400.00000000000,
2024-12-26,Ruhleben,191530.0000,16.88,7.072,12,52,,,0.00000000000
2024-12-29,Ruhleben,215360.0000,16.72,7.145,12,52,87833.33333333333,12300.00000000000,
2024-12-29,Schönerlinde,92536.6000,15.10,7.470,12,52,90333.33333333333,12600.00000000000,
2024-12-29,Waßmannsdorf,193173.7125,15.93,7.164,12,52,22166.66666666667,5600.00000000000,
2025-01-01,Ruhleben,218770.0000,16.52,7.181,1,1,,,19300.00000000000
2025-01-05,Ruhleben,254910.0000,16.04,7.172,1,1,105400.00000000000,40366.66666666666,
2025-01-05,Schönerlinde,110112.4000,14.40,7.510,1,1,167500.00000000000,27266.66666666667,
2025-01-05,Waßmannsdorf,235160.7750,15.38,7.257,1,1,30700.00000000000,12733.33333333333,
2025-01-08,Ruhleben,272930.0000,14.28,7.108,1,2,,,17500.00000000000
2025-01-12,Ruhleben,258120.0000,13.41,7.064,1,2,179170.00000000000,33205.33333333334,
2025-01-12,Schönerlinde,119496.0000,12.50,7.310,1,2,217827.00000000000,50206.66666666666,
2025-01-12,Waßmannsdorf,253748.3125,13.47,6.824,1,2,41521.00000000000,10959.33333333333,
2025-01-15,Ruhleben,288490.0000,15.12,7.139,1,3,,,19270.33333333333
2025-01-15,Schönerlinde,114463.6000,14.00,7.450,1,3,,,41681.00000000000
2025-01-15,Waßmannsdorf,241834.0250,15.06,6.881,1,3,,,26014.00000000000
2025-01-19,Ruhleben,243740.0000,15.68,7.236,1,3,179379.33333333334,66820.00000000000,
2025-01-19,Schönerlinde,108898.6000,14.10,7.510,1,3,146767.33333333334,66214.66666666667,
2025-01-19,Waßmannsdorf,236672.4000,15.45,6.939,1,3,58198.00000000000,19907.33333333333,
2025-01-22,Ruhleben,246230.0000,15.55,7.243,1,4,197972.00000000000,75911.33333333333,34949.00000000000
2025-01-22,Schönerlinde,105755.7000,14.10,7.510,1,4,163838.33333333334,119509.33333333333,47604.66666666666
2025-01-22,Waßmannsdorf,222457.3750,15.50,6.970,1,4,70661.33333333333,45306.33333333334,28638.66666666667
2025-01-26,Ruhleben,296990.0000,15.58,7.133,1,4,190902.00000000000,99063.00000000000,
2025-01-26,Schönerlinde,136165.2000,14.70,7.550,1,4,190251.33333333334,122229.33333333333,
2025-01-26,Waßmannsdorf,253585.0625,15.65,7.028,1,4,80123.66666666667,36226.33333333334,
2025-01-29,Ruhleben,265490.0000,15.27,7.133,1,5,152971.66666666666,154423.66666666666,33815.33333333334
2025-01-29,Schönerlinde,119200.0000,15.00,7.570,1,5,137030.00000000000,151957.00000000000,41831.66666666666
2025-01-29,Waßmannsdorf,240336.2750,15.66,7.000,1,5,52578.66666666666,46751.00000000000,15024.33333333333
2025-02-02,Ruhleben,239090.0000,15.99,7.213,2,5,118052.33333333333,110696.66666666667,
2025-02-02,Schönerlinde,103863.5000,14.90,6.870,2,5,116082.66666666667,104545.66666666667,
2025-02-02,Waßmannsdorf,222154.0750,15.70,6.986,2,5,79943.00000000000,63311.00000000000,
2025-02-05,Ruhleben,232620.0000,15.72,7.189,2,6,137079.00000000000,141500.66666666666,45094.00000000000
2025-02-05,Schönerlinde,98783.7000,14.30,7.120,2,6,90618.33333333333,105405.66666666667,59261.66666666666
2025-02-05,Waßmannsdorf,213893.7625,15.56,7.007,2,6,43763.33333333334,65251.33333333334,24415.00000000000
2025-02-09,Ruhleben,237980.0000,15.88,7.276,2,6,96551.66666666667,143489.33333333334,
2025-02-09,Schönerlinde,110776.5000,13.10,6.840,2,6,109037.66666666667,137644.66666666666,
2025-02-09,Waßmannsdorf,234663.3125,15.39,7.004,2,6,36396.00000000000,72577.00000000000,
2025-02-12,Ruhleben,234860.0000,15.20,7.218,2,7,58674.33333333334,143851.00000000000,74910.66666666667
2025-02-12,Waßmannsdorf,229021.5000,14.86,7.038,2,7,41298.66666666666,72039.66666666667,38426.00000000000
2025-02-16,Ruhleben,240130.0000,15.13,7.214,2,7,96354.66666666667,167791.33333333334,
2025-02-16,Schönerlinde,107454.6000,12.90,6.860,2,7,88226.66666666667,142394.33333333334,
2025-02-16,Waßmannsdorf,243455.0625,15.03,7.021,2,7,43680.33333333334,61580.66666666666,
2025-02-19,Ruhleben,241240.0000,14.92,7.120,2,8,90971.00000000000,192019.66666666666,63068.66666666666
2025-02-19,Schönerlinde,92773.8000,12.20,6.900,2,8,108374.66666666667,171687.00000000000,84340.33333333333
2025-02-23,Ruhleben,242560.0000,15.89,7.289,2,8,92766.66666666667,197400.00000000000,
2025-02-23,Schönerlinde,94723.5000,13.00,6.970,2,8,76333.33333333333,193366.66666666666,
2025-02-23,Waßmannsdorf,237574.9500,15.22,7.037,2,8,35033.33333333334,66900.00000000000,
2025-02-26,Ruhleben,280160.0000,16.23,7.189,2,9,67366.66666666667,180600.00000000000,67376.00000000000
2025-02-26,Schönerlinde,102428.3000,13.90,7.370,2,9,67400.00000000000,193166.66666666666,77743.66666666667
2025-02-26,Waßmannsdorf,246777.3000,15.90,6.969,2,9,22666.66666666667,89500.00000000000,27373.00000000000
2025-03-02,Ruhleben,246780.0000,15.62,7.159,3,9,37991.00000000000,180036.66666666666,
2025-03-02,Schönerlinde,97467.6000,13.30,6.950,3,9,79289.00000000000,191775.66666666666,
2025-03-02,Waßmannsdorf,242948.0750,15.41,6.974,3,9,15174.66666666667,75650.66666666667,
2025-03-05,Ruhleben,263550.0000,15.96,7.285,3,10,39543.00000000000,109911.66666666667,29434.00000000000
2025-03-05,Schönerlinde,94838.2000,13.90,6.970,3,10,45589.00000000000,137380.66666666666,74321.33333333333
2025-03-05,Waßmannsdorf,228042.6500,15.84,7.020,3,10,12043.66666666667,81381.66666666667,18176.00000000000
2025-03-09,Ruhleben,248570.0000,16.82,7.342,3,10,21948.33333333333,93590.00000000000,
2025-03-09,Schönerlinde,96906.5000,14.60,7.020,3,10,57016.33333333334,113741.00000000000,
2025-03-09,Waßmannsdorf,239047.4250,16.54,7.070,3,10,28295.66666666667,90999.00000000000,
2025-03-12,Ruhleben,219150.0000,16.71,7.299,3,11,23529.33333333333,87717.00000000000,49677.33333333334
2025-03-12,Schönerlinde,106050.9000,14.70,7.010,3,11,27203.00000000000,108102.66666666667,40001.33333333334
2025-03-12,Waßmannsdorf,251196.0125,16.65,7.083,3,11,34621.33333333334,127053.33333333333,60720.66666666666
2025-03-16,Ruhleben,218260.0000,17.01,7.337,3,11,14658.66666666667,48286.33333333334,
2025-03-16,Schönerlinde,102020.8000,14.40,7.080,3,11,19491.33333333333,110581.33333333333,
2025-03-16,Waßmannsdorf,256038.0750,16.36,6.947,3,11,19860.00000000000,77258.33333333333,
2025-03-19,Ruhleben,226170.0000,16.75,7.312,3,12,19052.33333333333,57179.33333333334,45362.66666666666
2025-03-19,Schönerlinde,97155.9000,14.10,7.070,3,12,23900.33333333333,80742.33333333333,43392.00000000000
2025-03-19,Waßmannsdorf,248985.4500,16.33,7.012,3,12,19752.66666666667,77121.33333333333,46126.00000000000
2025-03-23,Ruhleben,233470.0000,17.45,7.416,3,12,18981.33333333333,52620.33333333334,
2025-03-23,Schönerlinde,100512.2000,14.60,7.140,3,12,28412.66666666667,83907.66666666667,
2025-03-23,Waßmannsdorf,240394.1500,16.67,7.100,3,12,30190.00000000000,52905.66666666666,
2025-03-26,Ruhleben,220150.0000,17.88,7.419,3,13,16068.40879200000,64541.27824666667,42395.50907666667
2025-03-26,Schönerlinde,96585.8000,15.40,7.120,3,13,25253.42662300000,50773.09064000000,23913.09257666667
2025-03-26,Waßmannsdorf,233586.3125,17.11,7.082,3,13,15339.22088700000,33546.02833333334,34605.86764333333
2025-03-30,Ruhleben,294300.0000,17.65,7.432,3,13,8748.81803966667,45368.07522000000,
2025-03-30,Schönerlinde,134916.0000,15.20,7.160,3,13,18158.14045666667,50738.52376666667,
2025-03-30,Waßmannsdorf,262935.0250,17.10,7.096,3,13,10536.15838266667,21185.74538333333,
2025-04-02,Ruhleben,244120.0000,18.58,7.176,4,14,13095.87356966667,21907.63113333333,24941.59183333333
2025-04-02,Schönerlinde,94018.2000,15.70,7.140,4,14,7418.45564733333,19339.62426166667,28645.16971200000
2025-04-02,Waßmannsdorf,231973.0500,16.85,7.080,4,14,4608.83324700000,34940.93962666667,24314.49532666667
2025-04-06,Ruhleben,241460.0000,19.44,7.181,4,14,8723.03464666667,17518.31651100000,
2025-04-06,Schönerlinde,100626.5000,15.60,7.200,4,14,4445.15840600000,27156.05518333333,
2025-04-06,Waßmannsdorf,232771.6375,17.18,7.141,4,14,0.00000000000,21336.53724533333,
2025-04-09,Ruhleben,224160.0000,19.06,7.121,4,15,8765.05561166667,10258.55564500000,7342.75288533333
2025-04-13,Ruhleben,216420.0000,19.43,7.195,4,15,4366.87117400000,8751.29178666667,
2025-04-13,Schönerlinde,94752.8000,16.60,7.240,4,15,0.00000000000,4498.39403566667,
2025-04-13,Waßmannsdorf,231183.1500,18.03,6.985,4,15,0.00000000000,7518.86133100000,
2025-04-14,Ruhleben,222620.0000,19.95,7.187,4,16,4349.62611266667,8692.21310466667,17480.28402333333
2025-04-14,Waßmannsdorf,229398.2625,18.30,7.340,4,16,4494.00688400000,5964.98726300000,13427.00272833333
2025-04-16,Ruhleben,215890.0000,20.48,7.167,4,16,0.00000000000,10340.42243566667,
2025-04-16,Schönerlinde,97817.0000,17.60,7.270,4,16,10465.74986766667,10456.66150866667,
2025-04-16,Waßmannsdorf,227584.2750,18.76,7.320,4,16,0.00000000000,4587.33375733333,
2025-04-21,Ruhleben,202450.0000,19.78,7.044,4,17,3514.95410900000,5287.80778100000,10573.05724466667
2025-04-21,Schönerlinde,84775.1000,17.30,7.220,4,17,3570.50128333333,11031.55887700000,10839.60369333333
2025-04-21,Waßmannsdorf,219804.7500,18.50,7.340,4,17,3618.60818333333,3618.60818333333,21721.75140333333
2025-04-27,Ruhleben,215830.0000,20.54,7.125,4,17,3516.29109100000,3535.56969333333,
2025-04-27,Schönerlinde,97313.1000,17.50,7.280,4,17,0.00000000000,0.00000000000,
2025-04-27,Waßmannsdorf,234703.0625,18.81,7.420,4,17,3702.31780133333,9233.48320566667,
2025-04-29,Ruhleben,219120.0000,21.15,7.152,4,18,5285.28254666667,0.00000000000,0.00000000000
2025-04-29,Schönerlinde,101207.0000,18.10,7.290,4,18,0.00000000000,0.00000000000,0.00000000000
2025-04-29,Waßmannsdorf,223733.1500,19.40,7.420,4,18,0.00000000000,0.00000000000,10821.75639066667
2025-05-06,Ruhleben,213880.0000,20.91,7.222,5,19,0.00000000000,3542.79400000000,0.00000000000
2025-05-06,Schönerlinde,100012.1000,18.30,7.290,5,19,0.00000000000,0.00000000000,5513.76719433333
2025-05-06,Waßmannsdorf,229906.8250,19.43,7.460,5,19,0.00000000000,0.00000000000,0.00000000000
2025-05-14,Ruhleben,223370.0000,21.10,7.172,5,20,5279.75952166667,0.00000000000,0.00000000000
2025-05-14,Schönerlinde,101050.0000,19.00,7.330,5,20,0.00000000000,0.00000000000,0.00000000000
2025-05-14,Waßmannsdorf,233529.4750,20.17,7.460,5,20,0.00000000000,0.00000000000,5450.43049433333
2025-05-21,Ruhleben,222280.0000,21.19,7.147,5,21,0.00000000000,0.00000000000,0.00000000000
2025-05-21,Schönerlinde,103192.2000,19.40,7.340,5,21,7396.92893333333,0.00000000000,0.00000000000
2025-05-21,Waßmannsdorf,233031.4875,20.14,7.460,5,21,0.00000000000,0.00000000000,7379.60816666667
2025-05-27,Ruhleben,231020.0000,20.87,7.210,5,22,3532.75454333333,0.00000000000,0.00000000000
2025-05-27,Schönerlinde,104306.8000,19.20,7.350,5,22,3634.79672766667,0.00000000000,0.00000000000
2025-05-27,Waßmannsdorf,231803.4375,20.19,7.360,5,22,0.00000000000,0.00000000000,0.00000000000
2025-06-03,Ruhleben,221210.0000,22.90,7.285,6,23,0.00000000000,0.00000000000,0.00000000000
2025-06-03,Schönerlinde,98872.3000,20.40,7.360,6,23,0.00000000000,0.00000000000,0.00000000000
2025-06-09,Ruhleben,210590.0000,21.59,7.184,6,24,5289.37275966667,0.00000000000,0.00000000000
2025-06-09,Schönerlinde,106740.7000,19.50,7.350,6,24,0.00000000000,0.00000000000,0.00000000000
2025-06-18,Ruhleben,224080.0000,24.02,7.298,6,25,0.00000000000,0.00000000000,0.00000000000
2025-06-18,Schönerlinde,107337.3000,21.60,7.460,6,25,3635.90698000000,0.00000000000,0.00000000000
2025-06-18,Waßmannsdorf,231616.4250,22.20,6.930,6,25,0.00000000000,0.00000000000,0.00000000000
2025-06-25,Ruhleben,344950.0000,23.33,7.152,6,26,0.00000000000,0.00000000000,0.00000000000
2025-06-25,Schönerlinde,147345.6000,21.30,7.490,6,26,0.00000000000,0.00000000000,0.00000000000
2025-06-25,Waßmannsdorf,300454.8250,22.12,6.900,6,26,0.00000000000,0.00000000000,0.00000000000
2025-07-02,Ruhleben,236180.0000,24.65,7.206,7,27,0.00000000000,0.00000000000,0.00000000000
2025-07-02,Schönerlinde,108231.0000,23.00,7.480,7,27,3568.67199666667,0.00000000000,0.00000000000
2025-07-09,Ruhleben,225870.0000,23.85,7.241,7,28,0.00000000000,0.00000000000,0.00000000000
2025-07-09,Schönerlinde,125129.0000,22.00,7.530,7,28,0.00000000000,0.00000000000,0.00000000000
2025-07-09,Waßmannsdorf,247006.1000,22.56,7.000,7,28,0.00000000000,0.00000000000,0.00000000000
2025-07-16,Ruhleben,281650.0000,23.06,7.072,7,29,0.00000000000,0.00000000000,0.00000000000
2025-07-16,Schönerlinde,157677.6000,21.70,7.420,7,29,0.00000000000,0.00000000000,0.00000000000
2025-07-16,Waßmannsdorf,260922.5000,22.29,6.960,7,29,0.00000000000,0.00000000000,0.00000000000
2025-07-23,Ruhleben,438710.0000,22.19,6.847,7,30,0.00000000000,0.00000000000,0.00000000000
2025-07-23,Schönerlinde,223106.2000,21.00,7.350,7,30,0.00000000000,0.00000000000,0.00000000000
2025-07-23,Waßmannsdorf,368900.7250,21.91,6.760,7,30,0.00000000000,0.00000000000,0.00000000000
2025-07-30,Ruhleben,212150.0000,23.70,7.289,7,31,0.00000000000,0.00000000000,0.00000000000
2025-07-30,Schönerlinde,111944.5000,21.90,7.640,7,31,0.00000000000,0.00000000000,0.00000000000
2025-07-30,Waßmannsdorf,222456.1375,22.71,7.010,7,31,0.00000000000,0.00000000000,0.00000000000
2025-08-06,Ruhleben,196200.0000,23.24,7.340,8,32,0.00000000000,0.00000000000,0.00000000000
2025-08-06,Schönerlinde,110279.2000,21.40,7.640,8,32,0.00000000000,0.00000000000,0.00000000000
2025-08-06,Waßmannsdorf,233116.3250,22.18,7.000,8,32,0.00000000000,0.00000000000,0.00000000000
2025-08-13,Ruhleben,188980.0000,24.44,7.393,8,33,0.00000000000,0.00000000000,0.00000000000
2025-08-13,Schönerlinde,103844.3000,22.70,7.730,8,33,0.00000000000,0.00000000000,0.00000000000
2025-08-13,Waßmannsdorf,212445.2000,23.23,7.000,8,33,0.00000000000,0.00000000000,0.00000000000
2025-08-20,Ruhleben,202360.0000,24.58,7.459,8,34,0.00000000000,0.00000000000,0.00000000000
2025-08-20,Schönerlinde,102210.9000,22.80,7.750,8,34,0.00000000000,0.00000000000,0.00000000000
2025-08-20,Waßmannsdorf,197952.3875,23.36,7.090,8,34,0.00000000000,0.00000000000,0.00000000000
2025-08-27,Ruhleben,191630.0000,23.39,7.352,8,35,0.00000000000,0.00000000000,0.00000000000
2025-08-27,Schönerlinde,103648.4000,21.90,7.750,8,35,0.00000000000,0.00000000000,0.00000000000
2025-08-27,Waßmannsdorf,214045.9500,22.46,6.790,8,35,0.00000000000,0.00000000000,0.00000000000
2025-09-03,Ruhleben,196430.0000,23.31,7.237,9,36,0.00000000000,0.00000000000,0.00000000000
2025-09-03,Schönerlinde,107069.9000,22.20,7.740,9,36,0.00000000000,0.00000000000,0.00000000000
2025-09-03,Waßmannsdorf,234854.8875,22.83,6.870,9,36,0.00000000000,0.00000000000,0.00000000000
2025-09-10,Ruhleben,230110.0000,23.91,7.309,9,37,0.00000000000,0.00000000000,0.00000000000
2025-09-10,Schönerlinde,113921.2000,22.20,7.800,9,37,0.00000000000,0.00000000000,0.00000000000
2025-09-10,Waßmannsdorf,228501.3750,23.11,6.860,9,37,0.00000000000,0.00000000000,0.00000000000
2025-09-17,Ruhleben,209080.0000,22.00,7.360,9,38,0.00000000000,0.00000000000,0.00000000000
2025-09-17,Schönerlinde,117607.4000,20.80,7.780,9,38,0.00000000000,0.00000000000,0.00000000000
2025-09-17,Waßmannsdorf,229627.6250,21.66,6.880,9,38,0.00000000000,0.00000000000,0.00000000000
2025-09-24,Ruhleben,212970.0000,22.77,7.362,9,39,0.00000000000,0.00000000000,0.00000000000
2025-09-24,Schönerlinde,110342.2000,20.60,7.820,9,39,3609.91329833333,0.00000000000,0.00000000000
2025-09-24,Waßmannsdorf,234646.4000,21.57,6.880,9,39,0.00000000000,0.00000000000,0.00000000000
2025-10-01,Schönerlinde,102411.6000,19.50,7.030,10,40,0.00000000000,0.00000000000,0.00000000000
2025-10-01,Waßmannsdorf,226485.3500,20.88,6.870,10,40,0.00000000000,0.00000000000,0.00000000000
2025-10-08,Ruhleben,251430.0000,21.03,7.680,10,41,0.00000000000,0.00000000000,0.00000000000
2025-10-08,Schönerlinde,125950.3000,19.50,7.050,10,41,4473.30627700000,0.00000000000,0.00000000000
2025-10-08,Waßmannsdorf,253182.8875,20.84,6.820,10,41,0.00000000000,0.00000000000,0.00000000000
2025-10-15,Ruhleben,219270.0000,20.79,7.694,10,42,0.00000000000,0.00000000000,0.00000000000
2025-10-15,Schönerlinde,114518.4000,19.50,7.060,10,42,0.00000000000,0.00000000000,0.00000000000
2025-10-15,Waßmannsdorf,234910.1000,20.74,6.770,10,42,6037.46811000000,0.00000000000,0.00000000000
2025-10-22,Ruhleben,208980.0000,20.34,7.719,10,43,0.00000000000,0.00000000000,0.00000000000
2025-10-22,Schönerlinde,110183.2000,18.60,7.050,10,43,9003.24015333333,0.00000000000,0.00000000000
2025-10-22,Waßmannsdorf,232711.2750,20.02,6.840,10,43,0.00000000000,0.00000000000,0.00000000000
2025-10-29,Ruhleben,218000.0000,17.67,7.584,10,44,0.00000000000,0.00000000000,0.00000000000
2025-10-29,Schönerlinde,112680.9000,16.90,6.930,10,44,4538.45887200000,0.00000000000,0.00000000000
2025-10-29,Waßmannsdorf,247299.5000,18.41,6.770,10,44,4670.78298666667,0.00000000000,0.00000000000
2025-11-05,Ruhleben,215950.0000,19.50,7.718,11,45,6637.85185100000,0.00000000000,0.00000000000
2025-11-05,Schönerlinde,105091.1000,17.80,6.890,11,45,0.00000000000,0.00000000000,0.00000000000
2025-11-05,Waßmannsdorf,230121.5125,19.12,6.800,11,45,0.00000000000,0.00000000000,0.00000000000
2025-11-12,Ruhleben,218840.0000,19.24,7.721,11,46,4982.20516466667,0.00000000000,0.00000000000
2025-11-12,Schönerlinde,107502.4000,17.40,6.980,11,46,5053.23281466667,0.00000000000,8487.86573033333
2025-11-12,Waßmannsdorf,230125.8625,18.76,6.860,11,46,5146.70752200000,0.00000000000,0.00000000000
2025-11-19,Ruhleben,282540.0000,16.42,7.623,11,47,4983.08072800000,0.00000000000,5013.25066633333
2025-11-19,Schönerlinde,144603.8000,15.60,6.910,11,47,10180.04356300000,0.00000000000,5123.84245633333
2025-11-26,Ruhleben,234440.0000,16.39,7.714,11,48,21659.36809000000,0.00000000000,0.00000000000
2025-11-26,Schönerlinde,104230.4000,15.00,7.020,11,48,39260.46813666667,0.00000000000,11917.73954666667
2025-11-26,Waßmannsdorf,227499.9375,16.71,6.900,11,48,25813.53208000000,0.00000000000,8563.90944933333
2025-11-30,Ruhleben,244670.0000,17.11,7.710,11,48,39980.24757000000,0.00000000000,16637.51578000000
2025-11-30,Schönerlinde,124035.1000,15.70,7.000,11,48,8562.90348366667,0.00000000000,6810.28382066667
2025-11-30,Waßmannsdorf,254551.0000,16.94,6.910,11,48,22353.55317666666,0.00000000000,12008.99041000000
2025-12-03,Ruhleben,225800.0000,17.23,7.776,12,49,50159.46986333333,0.00000000000,5009.97292700000
2025-12-03,Schönerlinde,111549.0000,15.10,7.000,12,49,37540.58934000000,0.00000000000,15303.83527666667
2025-12-03,Waßmannsdorf,222956.9000,16.75,6.920,12,49,27551.66779666666,0.00000000000,17126.46833000000
2025-12-07,Ruhleben,238180.0000,17.22,7.774,12,49,65083.35709999999,0.00000000000,15024.11331000000
2025-12-07,Schönerlinde,104781.6000,15.20,6.980,12,49,64804.40622333333,0.00000000000,18743.77153666667
2025-12-07,Waßmannsdorf,232872.8250,16.59,6.920,12,49,49879.64588666667,0.00000000000,25834.95131000000
2025-12-10,Ruhleben,228880.0000,16.83,7.617,12,50,45111.05349333333,0.00000000000,13350.37707766667
2025-12-10,Schönerlinde,116621.4000,15.60,6.890,12,50,57072.84677000000,0.00000000000,8724.40581000000
2025-12-10,Waßmannsdorf,233533.9875,16.66,6.870,12,50,65690.94777333333,0.00000000000,13904.81682633333
2025-12-14,Ruhleben,235980.0000,17.90,7.787,12,50,9978.81148133333,0.00000000000,18309.54377666667
2025-12-14,Schönerlinde,104167.7000,15.60,7.040,12,50,63944.77942000000,0.00000000000,15612.42201666667
2025-12-14,Waßmannsdorf,230129.9250,17.02,6.900,12,50,41504.65324666667,0.00000000000,20783.95901333333
2025-12-17,Ruhleben,220560.0000,16.49,7.709,12,51,29949.18993666667,0.00000000000,16562.24871166667
2025-12-17,Schönerlinde,106367.0000,15.10,6.990,12,51,25911.39835666667,0.00000000000,20638.93706333333
2025-12-17,Waßmannsdorf,219802.4375,16.66,6.990,12,51,44841.79926333333,0.00000000000,15417.88218800000
2025-12-21,Ruhleben,221300.0000,17.74,7.826,12,51,50033.74841333333,0.00000000000,16610.63004033333
2025-12-21,Schönerlinde,99886.6000,15.50,7.030,12,51,29429.24031666667,0.00000000000,25739.41358000000
2025-12-21,Waßmannsdorf,211117.7625,16.86,7.040,12,51,67308.63237333333,0.00000000000,72529.24519666667
2025-12-28,Ruhleben,199390.0000,15.47,7.831,12,52,84821.30625333333,0.00000000000,34915.60716000000
2025-12-28,Schönerlinde,99840.9000,13.20,6.970,12,52,127129.07590000000,0.00000000000,44704.79750666666
2026-01-04,Ruhleben,226480.0000,14.11,7.740,1,1,79849.53420666666,0.00000000000,48267.93528333333
2026-01-04,Schönerlinde,127162.5000,12.40,6.950,1,1,94496.57413333333,0.00000000000,36181.22646333333
2026-01-04,Waßmannsdorf,241588.1750,14.14,7.120,1,1,100019.43883666667,0.00000000000,51448.57277333333
2026-01-07,Ruhleben,217880.0000,14.66,7.847,1,2,51497.70092000000,0.00000000000,54868.74803000000
2026-01-07,Schönerlinde,105750.9000,12.80,6.920,1,2,47666.56292000000,0.00000000000,27485.31336000000
2026-01-07,Waßmannsdorf,228029.4250,14.55,7.070,1,2,84249.75148666666,0.00000000000,55024.27590333334
2026-01-11,Ruhleben,211200.0000,13.97,7.849,1,2,38301.46696666667,0.00000000000,28297.81912333333
2026-01-11,Schönerlinde,108883.9000,11.70,7.000,1,2,73965.85340333334,0.00000000000,35880.39322333333
2026-01-11,Waßmannsdorf,245779.7000,13.74,7.060,1,2,97981.00950666667,5154.07609133333,73825.56846333333
2026-01-14,Ruhleben,367510.0000,13.03,7.650,1,3,75014.14360333333,0.00000000000,9997.76284233333
2026-01-14,Schönerlinde,204547.1000,13.20,6.880,1,3,35978.70236000000,0.00000000000,12010.27460333333
2026-01-14,Waßmannsdorf,326715.0000,14.72,7.070,1,3,61661.55303000000,0.00000000000,29125.56879000000
2026-01-18,Ruhleben,218070.0000,14.37,7.772,1,3,20007.81786333333,0.00000000000,19992.94714666667
2026-01-18,Schönerlinde,108584.0000,12.50,6.950,1,3,71633.73620333333,0.00000000000,44260.07260000000
2026-01-18,Waßmannsdorf,252160.1000,14.54,7.060,1,3,94500.44321666667,0.00000000000,49889.10508333334
2026-01-21,Ruhleben,226780.0000,14.11,7.750,1,4,91900.66897666667,0.00000000000,40035.41004666667
2026-01-21,Schönerlinde,107389.9000,12.10,6.930,1,4,68463.21063000000,0.00000000000,58290.16475000000
2026-01-21,Waßmannsdorf,224695.2500,14.35,7.110,1,4,83754.96107666666,0.00000000000,59913.49707666667
2026-01-25,Ruhleben,212690.0000,14.23,7.847,1,4,74887.06668666666,0.00000000000,63303.49364666667
2026-01-25,Schönerlinde,106523.5000,11.60,6.940,1,4,143663.66250000001,0.00000000000,46111.80028333333
2026-01-25,Waßmannsdorf,245741.8125,13.66,7.060,1,4,91210.44112666667,0.00000000000,58331.20504000000
2026-01-28,Ruhleben,234350.0000,13.81,7.792,1,5,76654.84446333334,0.00000000000,36560.02421333333
2026-01-28,Schönerlinde,105365.6000,12.00,6.920,1,5,209948.18489999999,0.00000000000,61539.04777000000
2026-01-28,Waßmannsdorf,226801.8125,14.05,7.160,1,5,169886.02323333334,0.00000000000,70427.59472333334
2026-02-01,Ruhleben,202790.0000,13.95,7.857,2,5,35011.35850333334,0.00000000000,31744.91724666666
2026-02-01,Schönerlinde,103286.7000,10.80,6.930,2,5,69967.97915333333,3364.74778200000,61500.11008333333
2026-02-01,Waßmannsdorf,231584.5250,13.22,7.080,2,5,121825.76496666667,0.00000000000,83988.75911000000
2026-02-04,Ruhleben,208030.0000,13.10,7.882,2,6,83150.50868666667,0.00000000000,56615.24795666667
2026-02-04,Schönerlinde,107044.5000,10.30,6.970,2,6,138486.77686666668,0.00000000000,54606.13449000000
2026-02-04,Waßmannsdorf,213971.6000,12.65,7.110,2,6,148746.73579999999,0.00000000000,85967.10720666667
2026-02-08,Ruhleben,256920.0000,13.02,7.768,2,6,78066.73714000000,9922.54367466667,26689.13970333333
2026-02-08,Schönerlinde,118351.7000,12.00,6.920,2,6,114918.66690000000,0.00000000000,71701.46841666667
2026-02-08,Waßmannsdorf,274773.5500,13.83,7.160,2,6,136198.19406666668,0.00000000000,68632.42911666667